17:20:16	17:20:17	t1_throttle.py wait_fresh admin	rc=0	0.9s
17:20:17	17:22:22	t1_throttle.py identity_sequential	rc=0	125.0s
17:23:08	17:23:08	t1_throttle.py wait_fresh other_member	rc=0	0.6s
17:23:08	17:24:32	t1_throttle.py burst other_member 4 700	rc=0	83.7s
17:28:01	17:28:09	t3_workflow.py fixtures	rc=0	7.5s
17:28:21	17:28:46	t3_workflow.py matrix	rc=0	25.9s
17:28:55	17:29:40	t3_workflow.py races	rc=0	45.0s
17:30:30	17:31:02	t3_workflow.py races R2 R3 R4	rc=0	32.1s
17:31:10	17:34:03	t3_workflow.py gaps	rc=0	172.3s
17:42:22	17:43:05	t2_questions.py budget	rc=0	43.6s
17:43:05	17:43:06	t2_questions.py create_race	rc=0	0.8s
17:43:06	17:43:49	t2_questions.py qburst admin 8 200	rc=0	42.7s
17:44:19	17:44:20	t1_throttle.py wait_fresh other_member travel-lab-support-questions:	rc=0	1.1s
17:44:20	17:44:29	t2_questions.py create_race	rc=0	8.7s
17:44:29	17:44:30	t1_throttle.py wait_fresh admin travel-lab-support-questions:	rc=0	1.0s
17:44:30	17:45:25	t2_questions.py qburst admin 8 200	rc=0	54.8s
17:45:36	17:45:37	t1_throttle.py wait_fresh member travel-lab-support-questions:	rc=0	1.2s
17:45:37	17:45:46	t2_questions.py semantics	rc=0	9.4s
17:45:46	17:45:47	t1_throttle.py wait_fresh other_member	rc=0	0.4s
17:45:47	17:45:59	t2_questions.py auth	rc=0	11.9s
17:46:23	17:46:58	t1_throttle.py admission admin	rc=0	35.6s
17:47:21	17:47:21	t1_throttle.py wait_fresh other_member	rc=0	0.2s
17:47:23	17:48:12	t1_throttle.py burst other_member 8 900	rc=0	49.5s
17:48:22	17:48:22	t1_throttle.py wait_fresh admin	rc=0	0.3s
17:48:22	17:49:07	t1_throttle.py burst admin 4 800	rc=0	45.3s
17:49:14	17:49:23	t1_throttle.py wait_fresh admin	rc=0	9.3s
17:49:23	17:49:23	t1_throttle.py wait_fresh other_member	rc=0	0.2s
17:49:23	17:49:24	t1_throttle.py wait_fresh member	rc=0	0.3s
17:49:24	17:50:18	t1_throttle.py identity_sequential	rc=0	54.2s
17:50:25	17:50:25	t3_workflow.py effects	rc=0	0.3s
17:50:39	17:50:50	t3_workflow.py cleanup	rc=0	10.6s
17:51:16	17:51:25	t2_questions.py cleanup	rc=0	8.8s
